{"nm":"_main","ddd":0,"h":24,"w":24,"meta":{"g":"@lottiefiles/toolkit-js 0.33.2"},"layers":[{"ty":0,"nm":"icon","sr":1,"st":0,"op":60.0000024438501,"ip":0,"hd":false,"ddd":0,"bm":0,"hasMask":false,"ao":0,"ks":{"a":{"a":0,"k":[12,12,0],"ix":1},"s":{"a":0,"k":[100,100,100],"ix":6},"sk":{"a":0,"k":0},"p":{"a":0,"k":[12,12,0],"ix":2},"r":{"a":1,"k":[{"o":{"x":0.25,"y":0},"i":{"x":0.25,"y":1},"s":[0],"t":0},{"s":[360],"t":60.0000024438501}],"ix":10},"sa":{"a":0,"k":0},"o":{"a":0,"k":100,"ix":11}},"ef":[],"w":24,"h":24,"refId":"comp_0","ind":1}],"v":"5.9.6","fr":29.9700012207031,"op":60.0000024438501,"ip":0,"assets":[{"nm":"icon","id":"comp_0","fr":29.9700012207031,"layers":[{"ty":4,"nm":"segment","sr":0.75,"st":15.0000006109625,"op":60.0000024438501,"ip":15.0000006109625,"hd":false,"ddd":0,"bm":0,"hasMask":false,"ao":0,"ks":{"a":{"a":0,"k":[12,12,0],"ix":1},"s":{"a":0,"k":[100,100,100],"ix":6},"sk":{"a":0,"k":0},"p":{"a":0,"k":[12,12,0],"ix":2},"r":{"a":0,"k":0,"ix":10},"sa":{"a":0,"k":0},"o":{"a":1,"k":[{"o":{"x":0.167,"y":0},"i":{"x":0.833,"y":1},"s":[0],"t":15},{"o":{"x":0.333,"y":0},"i":{"x":0.667,"y":1},"s":[100],"t":22.5},{"o":{"x":0.333,"y":0},"i":{"x":0.667,"y":1},"s":[50],"t":37.5},{"s":[0],"t":59.250002413302}],"ix":11}},"ef":[],"shapes":[{"ty":"sh","bm":0,"hd":false,"mn":"ADBE Vector Shape - Group","nm":"Path 3","ix":1,"d":1,"ks":{"a":0,"k":{"c":true,"i":[[0.187,-0.187],[0.265,0],[0.187,0.187],[0,0],[0,0.265],[-0.188,0.187],[-0.266,0],[-0.188,-0.187],[0,0],[0,-0.265]],"o":[[-0.188,0.187],[-0.265,0],[0,0],[-0.188,-0.188],[0,-0.265],[0.187,-0.188],[0.265,0],[0,0],[0.187,0.187],[0,0.265]],"v":[[8.464,8.464],[7.757,8.757],[7.05,8.464],[4.93,6.344],[4.637,5.637],[4.93,4.93],[5.637,4.636],[6.344,4.929],[8.464,7.05],[8.757,7.757]]},"ix":2}},{"ty":"mm","bm":0,"hd":false,"mn":"ADBE Vector Filter - Merge","nm":"Merge Paths 1","mm":1},{"ty":"fl","bm":0,"hd":false,"mn":"ADBE Vector Graphic - Fill","nm":"Fill 1","c":{"a":0,"k":[0.9137,0.9176,0.8706],"ix":4},"r":1,"o":{"a":0,"k":100,"ix":5}}],"ind":1},{"ty":4,"nm":"segment","sr":0.75,"st":13.0000005295009,"op":58.0000023623884,"ip":13.0000005295009,"hd":false,"ddd":0,"bm":0,"hasMask":false,"ao":0,"ks":{"a":{"a":0,"k":[12,12,0],"ix":1},"s":{"a":0,"k":[100,100,100],"ix":6},"sk":{"a":0,"k":0},"p":{"a":0,"k":[12,12,0],"ix":2},"r":{"a":0,"k":0,"ix":10},"sa":{"a":0,"k":0},"o":{"a":1,"k":[{"o":{"x":0.167,"y":0},"i":{"x":0.833,"y":1},"s":[0],"t":13},{"o":{"x":0.333,"y":0},"i":{"x":0.667,"y":1},"s":[100],"t":20.5},{"o":{"x":0.333,"y":0},"i":{"x":0.667,"y":1},"s":[50],"t":35.5},{"s":[0],"t":57.2500023318403}],"ix":11}},"ef":[],"shapes":[{"ty":"sh","bm":0,"hd":false,"mn":"ADBE Vector Shape - Group","nm":"Path 5","ix":1,"d":1,"ks":{"a":0,"k":{"c":true,"i":[[0,-0.265],[0.187,-0.187],[0.265,0],[0,0],[0.187,0.188],[0,0.265],[-0.188,0.188],[-0.265,0],[0,0],[-0.188,-0.187]],"o":[[0,0.265],[-0.188,0.188],[0,0],[-0.265,0],[-0.188,-0.187],[0,-0.265],[0.187,-0.187],[0,0],[0.265,0],[0.187,0.188]],"v":[[7,12],[6.707,12.707],[6,13],[3,13],[2.293,12.707],[2,12],[2.293,11.293],[3,11],[6,11],[6.707,11.293]]},"ix":2}},{"ty":"mm","bm":0,"hd":false,"mn":"ADBE Vector Filter - Merge","nm":"Merge Paths 1","mm":1},{"ty":"fl","bm":0,"hd":false,"mn":"ADBE Vector Graphic - Fill","nm":"Fill 1","c":{"a":0,"k":[0.9137,0.9176,0.8706],"ix":4},"r":1,"o":{"a":0,"k":100,"ix":5}}],"ind":2},{"ty":4,"nm":"segment","sr":0.75,"st":11.0000004480392,"op":56.0000022809268,"ip":11.0000004480392,"hd":false,"ddd":0,"bm":0,"hasMask":false,"ao":0,"ks":{"a":{"a":0,"k":[12,12,0],"ix":1},"s":{"a":0,"k":[100,100,100],"ix":6},"sk":{"a":0,"k":0},"p":{"a":0,"k":[12,12,0],"ix":2},"r":{"a":0,"k":0,"ix":10},"sa":{"a":0,"k":0},"o":{"a":1,"k":[{"o":{"x":0.167,"y":0},"i":{"x":0.833,"y":1},"s":[0],"t":11},{"o":{"x":0.333,"y":0},"i":{"x":0.667,"y":1},"s":[100],"t":18.5},{"o":{"x":0.333,"y":0},"i":{"x":0.667,"y":1},"s":[50],"t":33.5},{"s":[0],"t":55.2500022503786}],"ix":11}},"ef":[],"shapes":[{"ty":"sh","bm":0,"hd":false,"mn":"ADBE Vector Shape - Group","nm":"Path 2","ix":1,"d":1,"ks":{"a":0,"k":{"c":true,"i":[[0.093,0.093],[0,0.266],[-0.187,0.187],[0,0],[-0.122,0.053],[-0.133,0.001],[-0.123,-0.049],[-0.094,-0.094],[-0.051,-0.123],[0.001,-0.133],[0.053,-0.122],[0.095,-0.092],[0,0],[0.121,-0.051],[0.131,0],[0.122,0.05]],"o":[[-0.187,-0.188],[0,-0.265],[0,0],[0.092,-0.095],[0.122,-0.053],[0.132,-0.001],[0.123,0.051],[0.094,0.094],[0.05,0.123],[-0.001,0.133],[-0.052,0.122],[0,0],[-0.093,0.093],[-0.121,0.05],[-0.132,0],[-0.121,-0.051]],"v":[[4.93,19.071],[4.637,18.364],[4.93,17.657],[7.051,15.536],[7.375,15.312],[7.762,15.231],[8.149,15.305],[8.477,15.524],[8.696,15.852],[8.77,16.24],[8.689,16.626],[8.465,16.95],[6.345,19.071],[6.02,19.289],[5.638,19.365],[5.254,19.289]]},"ix":2}},{"ty":"mm","bm":0,"hd":false,"mn":"ADBE Vector Filter - Merge","nm":"Merge Paths 1","mm":1},{"ty":"fl","bm":0,"hd":false,"mn":"ADBE Vector Graphic - Fill","nm":"Fill 1","c":{"a":0,"k":[0.9137,0.9176,0.8706],"ix":4},"r":1,"o":{"a":0,"k":100,"ix":5}}],"ind":3},{"ty":4,"nm":"segment","sr":0.75,"st":9.00000036657752,"op":54.0000021994651,"ip":9.00000036657752,"hd":false,"ddd":0,"bm":0,"hasMask":false,"ao":0,"ks":{"a":{"a":0,"k":[12,12,0],"ix":1},"s":{"a":0,"k":[100,100,100],"ix":6},"sk":{"a":0,"k":0},"p":{"a":0,"k":[12,12,0],"ix":2},"r":{"a":0,"k":0,"ix":10},"sa":{"a":0,"k":0},"o":{"a":1,"k":[{"o":{"x":0.167,"y":0},"i":{"x":0.833,"y":1},"s":[0],"t":9},{"o":{"x":0.333,"y":0},"i":{"x":0.667,"y":1},"s":[100],"t":16.5},{"o":{"x":0.333,"y":0},"i":{"x":0.667,"y":1},"s":[50],"t":31.5},{"o":{"x":0.333,"y":0},"i":{"x":0.667,"y":1},"s":[0],"t":53.25},{"o":{"x":0.333,"y":0},"i":{"x":0.667,"y":1},"s":[0],"t":61.5},{"s":[0],"t":75.0000030548126}],"ix":11}},"ef":[],"shapes":[{"ty":"sh","bm":0,"hd":false,"mn":"ADBE Vector Shape - Group","nm":"Path 7","ix":1,"d":1,"ks":{"a":0,"k":{"c":true,"i":[[-0.265,0],[-0.188,-0.188],[0,-0.265],[0,0],[0.187,-0.188],[0.265,0],[0.187,0.187],[0,0.265],[0,0],[-0.188,0.187]],"o":[[0.265,0],[0.187,0.187],[0,0],[0,0.265],[-0.188,0.187],[-0.265,0],[-0.188,-0.188],[0,0],[0,-0.265],[0.187,-0.188]],"v":[[12,17],[12.707,17.293],[13,18],[13,21],[12.707,21.708],[12,22],[11.293,21.708],[11,21],[11,18],[11.293,17.293]]},"ix":2}},{"ty":"mm","bm":0,"hd":false,"mn":"ADBE Vector Filter - Merge","nm":"Merge Paths 1","mm":1},{"ty":"fl","bm":0,"hd":false,"mn":"ADBE Vector Graphic - Fill","nm":"Fill 1","c":{"a":0,"k":[0.9137,0.9176,0.8706],"ix":4},"r":1,"o":{"a":0,"k":100,"ix":5}}],"ind":4},{"ty":4,"nm":"segment","sr":0.75,"st":6.00000024438501,"op":51.0000020772726,"ip":6.00000024438501,"hd":false,"ddd":0,"bm":0,"hasMask":false,"ao":0,"ks":{"a":{"a":0,"k":[12,12,0],"ix":1},"s":{"a":0,"k":[100,100,100],"ix":6},"sk":{"a":0,"k":0},"p":{"a":0,"k":[12,12,0],"ix":2},"r":{"a":0,"k":0,"ix":10},"sa":{"a":0,"k":0},"o":{"a":1,"k":[{"o":{"x":0.167,"y":0},"i":{"x":0.833,"y":1},"s":[0],"t":6},{"o":{"x":0.333,"y":0},"i":{"x":0.667,"y":1},"s":[100],"t":13.5},{"o":{"x":0.333,"y":0},"i":{"x":0.667,"y":1},"s":[50],"t":28.5},{"s":[0],"t":50.2500020467245}],"ix":11}},"ef":[],"shapes":[{"ty":"sh","bm":0,"hd":false,"mn":"ADBE Vector Shape - Group","nm":"Path 4","ix":1,"d":1,"ks":{"a":0,"k":{"c":true,"i":[[0.093,-0.093],[0.265,0],[0.188,0.187],[0,0],[-0.002,0.262],[-0.185,0.186],[-0.263,0.001],[-0.188,-0.182],[0,0],[-0.051,-0.122],[0,-0.132],[0.051,-0.122]],"o":[[-0.187,0.187],[-0.265,0],[0,0],[-0.183,-0.189],[0.003,-0.262],[0.185,-0.185],[0.262,-0.002],[0,0],[0.093,0.093],[0.051,0.121],[0,0.131],[-0.051,0.121]],"v":[[19.071,19.071],[18.364,19.364],[17.657,19.071],[15.536,16.95],[15.255,16.247],[15.548,15.548],[16.247,15.256],[16.95,15.536],[19.071,17.656],[19.288,17.981],[19.364,18.364],[19.288,18.747]]},"ix":2}},{"ty":"mm","bm":0,"hd":false,"mn":"ADBE Vector Filter - Merge","nm":"Merge Paths 1","mm":1},{"ty":"fl","bm":0,"hd":false,"mn":"ADBE Vector Graphic - Fill","nm":"Fill 1","c":{"a":0,"k":[0.9137,0.9176,0.8706],"ix":4},"r":1,"o":{"a":0,"k":100,"ix":5}}],"ind":5},{"ty":4,"nm":"segment","sr":0.75,"st":4.00000016292334,"op":49.0000019958109,"ip":4.00000016292334,"hd":false,"ddd":0,"bm":0,"hasMask":false,"ao":0,"ks":{"a":{"a":0,"k":[12,12,0],"ix":1},"s":{"a":0,"k":[100,100,100],"ix":6},"sk":{"a":0,"k":0},"p":{"a":0,"k":[12,12,0],"ix":2},"r":{"a":0,"k":0,"ix":10},"sa":{"a":0,"k":0},"o":{"a":1,"k":[{"o":{"x":0.167,"y":0},"i":{"x":0.833,"y":1},"s":[0],"t":4},{"o":{"x":0.333,"y":0},"i":{"x":0.667,"y":1},"s":[100],"t":11.5},{"o":{"x":0.333,"y":0},"i":{"x":0.667,"y":1},"s":[50],"t":26.5},{"s":[0],"t":48.2500019652628}],"ix":11}},"ef":[],"shapes":[{"ty":"sh","bm":0,"hd":false,"mn":"ADBE Vector Shape - Group","nm":"Path 6","ix":1,"d":1,"ks":{"a":0,"k":{"c":true,"i":[[0,-0.265],[0.187,-0.187],[0.265,0],[0,0],[0.187,0.188],[0,0.265],[-0.188,0.188],[-0.266,0],[0,0],[-0.188,-0.187]],"o":[[0,0.265],[-0.188,0.188],[0,0],[-0.266,0],[-0.188,-0.187],[0,-0.265],[0.187,-0.187],[0,0],[0.265,0],[0.187,0.188]],"v":[[22,12],[21.707,12.707],[21,13],[18,13],[17.293,12.707],[17,12],[17.293,11.293],[18,11],[21,11],[21.707,11.293]]},"ix":2}},{"ty":"mm","bm":0,"hd":false,"mn":"ADBE Vector Filter - Merge","nm":"Merge Paths 1","mm":1},{"ty":"fl","bm":0,"hd":false,"mn":"ADBE Vector Graphic - Fill","nm":"Fill 1","c":{"a":0,"k":[0.9137,0.9176,0.8706],"ix":4},"r":1,"o":{"a":0,"k":100,"ix":5}}],"ind":6},{"ty":4,"nm":"segment","sr":0.75,"st":2.00000008146167,"op":47.0000019143492,"ip":2.00000008146167,"hd":false,"ddd":0,"bm":0,"hasMask":false,"ao":0,"ks":{"a":{"a":0,"k":[12,12,0],"ix":1},"s":{"a":0,"k":[100,100,100],"ix":6},"sk":{"a":0,"k":0},"p":{"a":0,"k":[12,12,0],"ix":2},"r":{"a":0,"k":0,"ix":10},"sa":{"a":0,"k":0},"o":{"a":1,"k":[{"o":{"x":0.167,"y":0},"i":{"x":0.833,"y":1},"s":[0],"t":2},{"o":{"x":0.333,"y":0},"i":{"x":0.667,"y":1},"s":[100],"t":9.5},{"o":{"x":0.333,"y":0},"i":{"x":0.667,"y":1},"s":[50],"t":24.5},{"s":[0],"t":46.2500018838011}],"ix":11}},"ef":[],"shapes":[{"ty":"sh","bm":0,"hd":false,"mn":"ADBE Vector Shape - Group","nm":"Path 1","ix":1,"d":1,"ks":{"a":0,"k":{"c":true,"i":[[0.187,0.187],[0,0.265],[-0.187,0.187],[0,0],[-0.265,0],[-0.187,-0.188],[0,-0.265],[0.188,-0.188],[0,0],[0.265,0]],"o":[[-0.187,-0.187],[0,-0.265],[0,0],[0.188,-0.188],[0.265,0],[0.188,0.187],[0.001,0.265],[0,0],[-0.187,0.187],[-0.266,0]],"v":[[15.536,8.464],[15.243,7.757],[15.536,7.05],[17.656,4.929],[18.363,4.636],[19.07,4.929],[19.363,5.636],[19.071,6.343],[16.95,8.464],[16.243,8.757]]},"ix":2}},{"ty":"mm","bm":0,"hd":false,"mn":"ADBE Vector Filter - Merge","nm":"Merge Paths 1","mm":1},{"ty":"fl","bm":0,"hd":false,"mn":"ADBE Vector Graphic - Fill","nm":"Fill 1","c":{"a":0,"k":[0.9137,0.9176,0.8706],"ix":4},"r":1,"o":{"a":0,"k":100,"ix":5}}],"ind":7},{"ty":4,"nm":"segment","sr":0.75,"st":0,"op":45.0000018328876,"ip":0,"hd":false,"ddd":0,"bm":0,"hasMask":false,"ao":0,"ks":{"a":{"a":0,"k":[12,12,0],"ix":1},"s":{"a":0,"k":[100,100,100],"ix":6},"sk":{"a":0,"k":0},"p":{"a":0,"k":[12,12,0],"ix":2},"r":{"a":0,"k":0,"ix":10},"sa":{"a":0,"k":0},"o":{"a":1,"k":[{"o":{"x":0.167,"y":0},"i":{"x":0.833,"y":1},"s":[0],"t":0},{"o":{"x":0.333,"y":0},"i":{"x":0.667,"y":1},"s":[100],"t":7.5},{"o":{"x":0.333,"y":0},"i":{"x":0.667,"y":1},"s":[50],"t":22.5},{"s":[0],"t":44.2500018023394}],"ix":11}},"ef":[],"shapes":[{"ty":"sh","bm":0,"hd":false,"mn":"ADBE Vector Shape - Group","nm":"Path 8","ix":1,"d":1,"ks":{"a":0,"k":{"c":true,"i":[[-0.265,0],[-0.188,-0.187],[0,-0.265],[0,0],[0.187,-0.187],[0.265,0],[0.187,0.188],[0,0.265],[0,0],[-0.188,0.188]],"o":[[0.265,0],[0.187,0.188],[0,0],[0,0.265],[-0.188,0.188],[-0.265,0],[-0.188,-0.187],[0,0],[0,-0.265],[0.187,-0.187]],"v":[[12,2],[12.707,2.293],[13,3],[13,6],[12.707,6.707],[12,7],[11.293,6.707],[11,6],[11,3],[11.293,2.293]]},"ix":2}},{"ty":"mm","bm":0,"hd":false,"mn":"ADBE Vector Filter - Merge","nm":"Merge Paths 1","mm":1},{"ty":"fl","bm":0,"hd":false,"mn":"ADBE Vector Graphic - Fill","nm":"Fill 1","c":{"a":0,"k":[0.9137,0.9176,0.8706],"ix":4},"r":1,"o":{"a":0,"k":100,"ix":5}}],"ind":8}]}]}